post_id,username,caption,hashtags,mentions,likes,comment_count
3757158876308143282_2091666763,indiancricketteam,"𝐂.𝐇.𝐀.𝐌.𝐏.𝐈.𝐎.𝐍.𝐒 🏆

Congratulations to #TeamIndia on winning their maiden ICC Women's Cricket World Cup 🇮🇳 

Take. A. Bow 🙌

#WomenInBlue | #CWC25 | #Final | #INDvSA","#TeamIndia, #WomenInBlue, #CWC25, #Final, #INDvSA",,4736442,0
3584595824401203523_2091666763,indiancricketteam,"𝗖. 𝗛. 𝗔. 𝗠. 𝗣. 𝗜. 𝗢. 𝗡. 𝗦! 🏆 🏆 🏆

The Rohit Sharma-led #TeamIndia are the ICC #ChampionsTrophy 2025 𝙒𝙄𝙉𝙉𝙀𝙍𝙎 👏 👏

Take A Bow! 🙌 🙌

#INDvNZ | #Final","#TeamIndia, #ChampionsTrophy, #INDvNZ, #Final",,6090099,0
3833711483344354403_2091666763,indiancricketteam,"Sixes, crucial catches, BIG IMPACT 😎

🎥 Presenting our 𝗜𝗺𝗽𝗮𝗰𝘁 𝗣𝗹𝗮𝘆𝗲𝗿 𝗼𝗳 𝘁𝗵𝗲 𝗠𝗮𝘁𝗰𝗵 in Colombo, ft. fun dressing room BTS 🏅😊

#TeamIndia | #T20WorldCup | #MenInBlue","#TeamIndia, #T20WorldCup, #MenInBlue",,130993,0
3833606553107385019_2091666763,indiancricketteam,"A tale from one four-wicket haul to another ❤️

And a Successful Sydney outing 🏟️

Hear it from Arundhati Reddy 🙌

#TeamIndia | #AUSvIND","#TeamIndia, #AUSvIND",,77500,0
3833545107770140826_2091666763,indiancricketteam,"The Unfolding

Raw. Real. Colombo.

#TeamIndia 🇮🇳 | #T20WorldCup | #MenInBlue","#TeamIndia, #T20WorldCup, #MenInBlue",,233200,0
3833215102363713600_2091666763,indiancricketteam,"A special knock to guide a big victory ✨

Ishan Kishan wins the Player of the Match award in Colombo 🫡

#TeamIndia | #T20WorldCup | #MenInBlue","#TeamIndia, #T20WorldCup, #MenInBlue",,354689,0
3833213167137010882_2091666763,indiancricketteam,"3️⃣/3️⃣ for #TeamIndia 💙

The #MenInBlue win by 6️⃣1️⃣ runs to qualify for the Super 8 stage! 💪

#T20WorldCup","#TeamIndia, #MenInBlue, #T20WorldCup",,352881,0
3833210835465041149_376525195,icc,"Super 8 qualification ✅ 

India get the job done against Pakistan to remain unbeaten at #T20WorldCup 2026 👏

Tournament broadcast details in our bio 📺",#T20WorldCup,,1318878,0
3833206345915568439_42437564971,jayshah220988,"Fantastic atmosphere in Colombo with ICC Men’s #T20WorldCup ambassador @rohitsharma45 in attendance, giving cricket fans a thrill as he promotes this great tournament globally on TV and social media.",#T20WorldCup,@rohitsharma45,1526163,0
3833204216912074439_376525195,icc,"Two of a kind 🤩

@hanumankind and @ishankishan23 both set the stage alight in Colombo 🎇

#T20WorldCup",#T20WorldCup,"@hanumankind, @ishankishan23",2419302,0
3833203727428033424_2091666763,indiancricketteam,"✌️ in ✌️

Varun Chakaravarthy joins the wicket-taking party 🥳

#TeamIndia | #T20WorldCup | #MenInBlue","#TeamIndia, #T20WorldCup, #MenInBlue",,180304,0
3833195709093190513_2091666763,indiancricketteam,"c Shivam Dube ✖️ 2️⃣

Kuldeep Yadav and Tilak Varma with the wickets and #TeamIndia have 7️⃣ 💪 

#T20WorldCup | #MenInBlue","#TeamIndia, #T20WorldCup, #MenInBlue",,212615,0
3833191813859881660_2091666763,indiancricketteam,"Spinning things our way 💪

Axar Patel gets his second breakthrough!

#TeamIndia | #T20WorldCup | #MenInBlue","#TeamIndia, #T20WorldCup, #MenInBlue",,105825,0
3833180260725314000_376525195,icc,"A peach of a delivery from Axar Patel 👏

Babar Azam is dismissed as India claim another important wicket 🇮🇳

#T20WorldCup broadcast details in our bio 📺",#T20WorldCup,,450325,0
3833179857610411604_2091666763,indiancricketteam,"Through the gate and BOWLED \|/

Vice-captain Axar Patel with #TeamIndia's 4⃣th wicket within the powerplay 👏

#T20WorldCup | #MenInBlue","#TeamIndia, #T20WorldCup, #MenInBlue",,101450,0
3833170832298358291_2091666763,indiancricketteam,"Striking early and striking big 😎

Hardik Pandya 🤝 Jasprit Bumrah 

#TeamIndia with 3️⃣ wickets in no time 👏

#T20WorldCup | #MenInBlue","#TeamIndia, #T20WorldCup, #MenInBlue",,220298,0
3833162149259275413_376525195,icc,"A massive 6️⃣ from Rinku Singh ensures India have a competitive total on the board 💪

#T20WorldCup broadcast details in our bio 📺",#T20WorldCup,,887636,0
3833161814821577370_2091666763,indiancricketteam,"Innings Break!

Ishan Kishan's half-century and contributions from the middle order help #TeamIndia finish with 1️⃣7️⃣5️⃣ 👏

Time for the bowlers now! 👌

#T20WorldCup | #MenInBlue","#TeamIndia, #T20WorldCup, #MenInBlue",,112558,0
3833155083139830320_2091666763,indiancricketteam,"Entering the final phase 💪

#TeamIndia 154/4 after 18 overs!

#T20WorldCup | #MenInBlue","#TeamIndia, #T20WorldCup, #MenInBlue",,110920,0
3833140974096800264_2091666763,indiancricketteam,"Ticking along nicely 👌

Captain Surya Kumar Yadav 🤝 Tilak Varma 

#TeamIndia 118/2 after 13 overs.

#T20WorldCup | #MenInBlue","#TeamIndia, #T20WorldCup, #MenInBlue",,89085,0
3833132615889408861_2091666763,indiancricketteam,"7⃣7⃣ Runs
4⃣0⃣ Deliveries
🔟 Fours
3⃣ Sixes

What an incredible knock from Ishan Kishan! 🙌 💪

#TeamIndia | #T20WorldCup | #MenInBlue","#TeamIndia, #T20WorldCup, #MenInBlue",,314450,0
3833130666326924804_376525195,icc,"Huge from Ishan Kishan 💪

The opener sends a big maximum over deep mid-wicket to keep adding to India’s total 🇮🇳

#T20WorldCup broadcast details in our bio!",#T20WorldCup,,338458,0
3833124363646646396_2091666763,indiancricketteam,"Half-Century in no time! 👊

Ishan Kishan brings up his 5️⃣0️⃣ off just 27 balls! 

#TeamIndia | #T20WorldCup | #MenInBlue","#TeamIndia, #T20WorldCup, #MenInBlue",,205780,0
3833122107102660240_2091666763,indiancricketteam,"Taking on the bowling early 🔥

A fifty-plus partnership from Ishan Kishan and Tilak Varma makes it 52/1 after 6 overs 👌

#TeamIndia | #T20WorldCup | #MenInBlue","#TeamIndia, #T20WorldCup, #MenInBlue",,94011,0
3833099598328339449_2091666763,indiancricketteam,"Here's how #TeamIndia lineup for our 3️⃣rd match of #T20WorldCup 2026! 🙌

#MenInBlue","#TeamIndia, #T20WorldCup, #MenInBlue",,265799,0
3833098259179367935_2091666763,indiancricketteam,"🚨 Toss 🚨

#TeamIndia have been put into bat.

#T20WorldCup | #MenInBlue","#TeamIndia, #T20WorldCup, #MenInBlue",,144436,0
3833077304176505116_2091666763,indiancricketteam,"𝐒𝐡𝐨𝐰𝐭𝐢𝐦𝐞 𝐢𝐧 𝐂𝐨𝐥𝐨𝐦𝐛𝐨 🏟️

#TeamIndia are all set for their Match 3️⃣ of #T20WorldCup 2026 💙

#MenInBlue","#TeamIndia, #T20WorldCup, #MenInBlue",,203372,0
3833056420661378190_2091666763,indiancricketteam,"4⃣ Overs
2⃣2⃣ Runs
4⃣ Wickets 🔥

Arundhati Reddy is the Player of the Match for her excellent spell of bowling 🙌

#TeamIndia | #AUSvIND️","#TeamIndia, #AUSvIND",,76086,0
3833048088819137205_2091666763,indiancricketteam,"The match has been called off due to rain.

#TeamIndia win the 1⃣st T20I by 21 runs (DLS Method) 👏

#AUSvIND️","#TeamIndia, #AUSvIND",,81620,0
3833005976866493847_2091666763,indiancricketteam,"📍 Colombo

All pumped up for our next challenge in the #T20WorldCup 🙌

#TeamIndia | #MenInBlue","#T20WorldCup, #TeamIndia, #MenInBlue",,142984,0
3833004462823023562_2091666763,indiancricketteam,"Innings Break! 

Fantastic 4⃣-fer for Arundhati Reddy 🫡

2⃣ wickets each for Renuka Singh Thakur and Sree Charani 👏

Over to our batters to chase down 1️⃣3️⃣4️⃣! ⌛

#TeamIndia | #AUSvIND️","#TeamIndia, #AUSvIND",,55920,0
3833003732023924582_2091666763,indiancricketteam,"🔝 Performance
Win by 8 wickets 👌
2️⃣ points on the board 🙌

Vrinda Dinesh was the Player of the Match for leading the chase superbly with her unbeaten 55* 🏆

#WomensRisingStarsAsiaCup",#WomensRisingStarsAsiaCup,,66300,0
3832995244665555013_2091666763,indiancricketteam,"On fire at the SCG 🔥

Arundhati Reddy with her 3⃣rd 🔝
Sree Charani with her 1⃣st 👌

Wicket No. 7⃣ for #TeamIndia 

#AUSvIND","#TeamIndia, #AUSvIND",,66814,0
3832984254146559292_2091666763,indiancricketteam,"Two more bite the dust! 💪

Deepti Sharma joins the wickets, Arundhati Reddy with her 2️⃣nd ☝️

#TeamIndia have Australia 87/5️⃣ after 10 overs.

#AUSvIND","#TeamIndia, #AUSvIND",,54409,0
3832980453234103957_8547272193,asiancricketcouncil,"The opposition struggled for fluency in the first half but Anushka Sharma is making batting look absolutely effortless out here 😮‍💨

#DPWorldWomensAsiaCupRisingStars2026 #INDWvPAKW #ACC","#DPWorldWomensAsiaCupRisingStars2026, #INDWvPAKW, #ACC",,197646,0
3832979689871422491_2091666763,indiancricketteam,"Take a bow, Captain 🙇‍♀️

Skipper Harmanpreet Kaur with a fantastic catch to send back Ellyse Perry 🙌

#TeamIndia | #AUSvIND | @imharmanpreet_kaur","#TeamIndia, #AUSvIND",@imharmanpreet_kaur,118121,0
3832973149634165458_2091666763,indiancricketteam,"Wickets in 🔙 to 🔙 overs 👏

Renuka Singh Thakur 🤝 Kranti Gaud as #TeamIndia have 2️⃣ early strikes 👌

Australia 49/2 after 6 overs.

#AUSvIND","#TeamIndia, #AUSvIND",,79996,0
3832972210571051291_8547272193,asiancricketcouncil,"Vrinda Dinesh is wasting no time out in the middle! She’s finding the gaps with ease, timing it to perfection and India are off to a solid start in this chase 👏

#DPWorldWomensAsiaCupRisingStars2026 #INDWvPAKW #ACC","#DPWorldWomensAsiaCupRisingStars2026, #INDWvPAKW, #ACC",,145653,0
3832964117997992880_2091666763,indiancricketteam,"Innings Break!

India A bowlers with a strong performance 😎

2️⃣ wickets each for Saima Thakor, Radha Yadav and Prema Rawat
1️⃣ wicket each for Jintimani Kalita and Minnu Mani

Our batters have begun their chase of 94 🎯 

#WomensRisingStarsAsiaCup",#WomensRisingStarsAsiaCup,,95388,0
3832947044688995189_2091666763,indiancricketteam,"Here is a look at #TeamIndia's Playing XI for the 1️⃣st T20I 🙌

#AUSvIND","#TeamIndia, #AUSvIND",,86475,0
3832945800675200758_2091666763,indiancricketteam,"🚨 Toss 🚨

#TeamIndia have won the toss and elected to bowl first.

#AUSvIND","#TeamIndia, #AUSvIND",,175404,0
3832939385285280136_8547272193,asiancricketcouncil,"The skipper is unplayable on this surface, which is offering sharp turn! She picks up the crucial wicket of Zulfiqar, who was looking solid in the middle 🫵

#DPWorldWomensAsiaCupRisingStars2026 #INDWvPAKW #ACC","#DPWorldWomensAsiaCupRisingStars2026, #INDWvPAKW, #ACC",,212066,0
3832923702983980966_8547272193,asiancricketcouncil,"𝐉𝐢𝐧𝐭𝐢𝐦𝐚𝐧𝐢 𝐊𝐚𝐥𝐢𝐭𝐚 𝐬𝐭𝐫𝐢𝐤𝐞𝐬 𝐚𝐧𝐝 𝐬𝐞𝐧𝐝𝐬 𝐭𝐡𝐞 𝐞𝐱𝐩𝐞𝐫𝐢𝐞𝐧𝐜𝐞𝐝 𝐒𝐨𝐡𝐚𝐢𝐥 𝐛𝐚𝐜𝐤 🤩

India firmly in control after the first passage of play 👏

#DPWorldWomensAsiaCupRisingStars2026 #INDWvPAKW #ACC","#DPWorldWomensAsiaCupRisingStars2026, #INDWvPAKW, #ACC",,79023,0
3832920996760269360_8547272193,asiancricketcouncil,"Hard length does the trick for Thakor 💪

The ball nips back in and Yusra Amir has to walk back! 

#DPWorldWomensAsiaCupRisingStars2026 #INDWvPAKW #ACC","#DPWorldWomensAsiaCupRisingStars2026, #INDWvPAKW, #ACC",,240544,0
3832905680017750216_2091666763,indiancricketteam,"🚨 Toss 🚨

India A have been put into field first 👍

#WomensRisingStarsAsiaCup",#WomensRisingStarsAsiaCup,,108722,0
3832881807449375980_2091666763,indiancricketteam,"Three formats 👌
Iconic venues 🏟️
Exciting challenge 💪

Captain Harmanpreet Kaur and #TeamIndia are Australia ready 🙌

#AUSvIND | @imharmanpreet_kaur","#TeamIndia, #AUSvIND",@imharmanpreet_kaur,67733,0
3832821523598791477_2091666763,indiancricketteam,"Sri Lankan roots 🤝 Indian colours 💙

In conversation with #TeamIndia 🇮🇳 Training Assistant - Nuwan Seneviratne - ahead of a #T20WorldCup clash in Colombo! 

#MenInBlue","#TeamIndia, #T20WorldCup, #MenInBlue",,224299,0
3832807847944687734_2091666763,indiancricketteam,"Preps in place ✅
MATCH TIME soon in Sydney 😎

The #AUSvIND all-format series beckons 👊

#TeamIndia","#AUSvIND, #TeamIndia",,255969,0
3832471915709984954_2091666763,indiancricketteam,"Prep mode 🔛

📸 𝙎𝙣𝙖𝙥𝙨𝙝𝙤𝙩𝙨 from #TeamIndia's training session in Colombo! 💪

#T20WorldCup | #MenInBlue","#TeamIndia, #T20WorldCup, #MenInBlue",,430110,0
3832401135177813158_2091666763,indiancricketteam,"Warmed-up for the all-format series starting tomorrow ✅

Deepti Sharma sums up #TeamIndia's win against Governor General's XI in Sydney 👌👌

#AUSvIND","#TeamIndia, #AUSvIND",,124921,0
3832376557360575459_2091666763,indiancricketteam,"Next stop in the #T20WorldCup ⏳

📍 Colombo
💻 BCCI.tv
📱 Official BCCI App

#TeamIndia | #MenInBlue","#T20WorldCup, #TeamIndia, #MenInBlue",,243410,0
3832338106557860259_2091666763,indiancricketteam,"🗣️ 𝗪𝗣𝗟 𝗵𝗮𝘀 𝗽𝗹𝗮𝘆𝗲𝗱 𝗮 𝘃𝗲𝗿𝘆 𝗯𝗶𝗴 𝗿𝗼𝗹𝗲 𝗶𝗻 𝗶𝗺𝗽𝗿𝗼𝘃𝗶𝗻𝗴 𝗼𝘂𝗿 𝘄𝗼𝗺𝗲𝗻'𝘀 𝗰𝗿𝗶𝗰𝗸𝗲𝘁.

🎥 Hear from #TeamIndia Captain Harmanpreet Kaur ahead of the start of #AUSvIND T20I Series in Sydney 🙌

@imharmanpreet_kaur","#TeamIndia, #AUSvIND",@imharmanpreet_kaur,137289,0
3832307641767674690_2091666763,indiancricketteam,"2⃣ Games. 2⃣ Wins ✅

Which performance stood out the most for you in the #INDvNAM clash? 🤔

#TeamIndia | #MenInBlue | #T20WorldCup","#INDvNAM, #TeamIndia, #MenInBlue, #T20WorldCup",,73869,0
3832277928277897762_2091666763,indiancricketteam,"📍 Sydney Cricket Ground 

Captain Harmanpreet Kaur is geared 🆙 for the #AUSvIND Series Opener 🤩

#TeamIndia","#AUSvIND, #TeamIndia",,331099,0
3832219973222363457_2091666763,indiancricketteam,"New Delhi ✈️ Colombo

🎥 𝙏𝙧𝙖𝙫𝙚𝙡 𝘿𝙞𝙖𝙧𝙞𝙚𝙨 with #TeamIndia 😎

#T20WorldCup | #MenInBlue","#TeamIndia, #T20WorldCup, #MenInBlue",,249785,0
3832155605562515351_2091666763,indiancricketteam,"📍 Sydney 🌇

𝗖𝗿𝗶𝗰𝗸𝗲𝘁. 𝗖𝗼𝗳𝗳𝗲𝗲. 𝗖𝗼𝗺𝗲𝗯𝗮𝗰𝗸 ❤️

ft. Shreyanka Patil 🤗

WATCH 🎥

#TeamIndia | #AUSvIND","#TeamIndia, #AUSvIND",,198444,0
3832092798762558255_2091666763,indiancricketteam,"The captain asked him to keep it simple and he took it very seriously 😁

Presenting the very simple Episode 2 of The Speech, ft. Ishan Kishan 🎙️ 

Nominations for Episode 3? 🤔

#TeamIndia | #T20WorldCup | #MenInBlue | #INDvNAM","#TeamIndia, #T20WorldCup, #MenInBlue, #INDvNAM",,507240,0
3831628469135164913_2091666763,indiancricketteam,"Run...Jump...Turn...𝙎𝙄𝙐𝙐𝙐𝙐! 🔥

Watch Mohd. Siraj break down Arshdeep Singh's celebration and rate him out of 1️⃣0️⃣

#TeamIndia | #MenInBlue | #T20WorldCup | #INDvNAM","#TeamIndia, #MenInBlue, #T20WorldCup, #INDvNAM",,772959,0
3831581687713151215_2091666763,indiancricketteam,"UAE won by 7 wickets. India A will look to bounce back in the next game!

#WomensRisingStarsAsiaCup",#WomensRisingStarsAsiaCup,,187521,0
3831529597377404519_2091666763,indiancricketteam,"Only 𝗴𝗼𝗼𝗱 𝘃𝗶𝗯𝗲𝘀 𝗮𝗻𝗱 𝗯𝗮𝗻𝘁𝗲𝗿 when two friends (and match-winners) get together 😀🤝

🎥 Hardik Pandya and Ishan Kishan take us through their New Delhi heroics 💪

#TeamIndia | #T20WorldCup | #MenInBlue | #INDvNAM","#TeamIndia, #T20WorldCup, #MenInBlue, #INDvNAM",,1749182,0
3831528382681718737_2091666763,indiancricketteam,"Innings Break!

India A have set a target of 1️⃣3️⃣1️⃣ on the back of crucial knocks from Anushka Sharma and Tanuja Kanwer 🎯 

Over to the bowlers 💪

#WomensRisingStarsAsiaCup",#WomensRisingStarsAsiaCup,,102387,0
3831472915930667738_2091666763,indiancricketteam,"Lights 🎬
Camera 📸
Smiles 😄

And a new “Star” 😎

Don’t miss out on this fun Media Day BTS ft. #TeamIndia 🙌

#AUSvIND","#TeamIndia, #AUSvIND",,123277,0
3831438516069128981_440115170,asianpaints,"For every cheer, every hope,
For Har Ghar that turns into a stadium
For all the colours of cricket that bring us together...
Presenting the Asian Paints Rang De India (Cricket Anthem)

​As the Official Colour Partner of India Home Cricket, Asian Paints celebrates every shade of belief and every moment of victory with the nation.​

​It's time to sing louder and colour every match in the shades of victory.​

Join us in cheering for Team India. Share the feeling.​

@sunidhichauhan5
@vishaldadlani 

(Asian Paints, Rang De India, Cricket Anthem, Official Colour Partner Of India Home Cricket, BCCI, Cricket Celebration, Anthem Song, Cricket Song)",,"@sunidhichauhan5, @vishaldadlani",97015,0
3831354974803311750_2091666763,indiancricketteam,"A performance built on Belief, Hard Work, and Mental Toughness 🫡

🎥 The 𝐈𝐦𝐩𝐚𝐜𝐭 𝐏𝐥𝐚𝐲𝐞𝐫 𝐨𝐟 𝐭𝐡𝐞 𝐌𝐚𝐭𝐜𝐡 for #INDvNAM goes to... 🥁

#TeamIndia | #MenInBlue | #T20WorldCup","#INDvNAM, #TeamIndia, #MenInBlue, #T20WorldCup",,966555,0
3831056236892715884_2091666763,indiancricketteam,"Caption in the image ✍️😉

#TeamIndia | #T20WorldCup | #MenInBlue | #INDvNAM","#TeamIndia, #T20WorldCup, #MenInBlue, #INDvNAM",,206304,0
3831053544619290187_2091666763,indiancricketteam,"Fire with the bat 🔥
Clinical with the ball 👌

Hardik Pandya is the Player of the Match for his all-round brilliance 🫡

#TeamIndia | #T20WorldCup | #MenInBlue | #INDvNAM","#TeamIndia, #T20WorldCup, #MenInBlue, #INDvNAM",,285264,0
3831045903604049466_2091666763,indiancricketteam,"Biggest win margin for #TeamIndia by runs in ICC Men's #T20WorldCup 💪

The #MenInBlue beat Namibia by 9️⃣3️⃣ runs to make it 2️⃣ victories in a row!

#INDvNAM","#TeamIndia, #T20WorldCup, #MenInBlue, #INDvNAM",,269088,0
3831043935511024291_376525195,icc,"A true team effort from India to outplay Namibia in all departments 👌

#T20WorldCup broadcast details in our bio 📺",#T20WorldCup,,322184,0
3831039402709942017_376525195,icc,"A beautiful yorker delivered by none other than Jasprit Bumrah! 😮‍💨

#T20WorldCup broadcast details in bio 📲",#T20WorldCup,,267975,0
3831037335513357080_2091666763,indiancricketteam,"Castled ⚡️⚡️

Jasprit Bumrah gets on the wicket-taking charts with a pinpoint yorker 🔥

#TeamIndia | #T20WorldCup | #MenInBlue | #INDvNAM","#TeamIndia, #T20WorldCup, #MenInBlue, #INDvNAM",,312462,0
3831026188772993985_2091666763,indiancricketteam,"Safe as houses 🏠

Jasprit Bumrah judges the skier to perfection to give Axar Patel his second breakthrough! 🤝

#TeamIndia | #T20WorldCup | #MenInBlue | #INDvNAM","#TeamIndia, #T20WorldCup, #MenInBlue, #INDvNAM",,267897,0
3831022698055710973_376525195,icc,"Varun Chakaravarthy disturbs JJ Smit’s defence claiming his third scalp of the match 👌

#T20WorldCup broadcast details in bio 📲",#T20WorldCup,,173365,0
3831021210494855613_2091666763,indiancricketteam,"Spin twins doing the trick! 🪄

2⃣ wickets for Varun Chakaravarthy, 1⃣ for vice-captain Axar Patel in back-to-back overs 🔥

Namibia 5⃣ down now! 👌

#TeamIndia | #T20WorldCup | #MenInBlue | #INDvNAM","#TeamIndia, #T20WorldCup, #MenInBlue, #INDvNAM",,111684,0
3831015035237884052_2091666763,indiancricketteam,"On target 🎯

Varun Chakaravarthy strikes straightaway ⚡️

Wicket no.2⃣ for #TeamIndia ✌️

#T20WorldCup | #MenInBlue | #INDvNAM","#TeamIndia, #T20WorldCup, #MenInBlue, #INDvNAM",,128556,0
3831005056476935051_2091666763,indiancricketteam,"There's the opening breakthrough ☝️

c Shivam Dube b Arshdeep Singh 👏

P.S. - Where have we seen that celebration before? 😉

#TeamIndia | #T20WorldCup | #MenInBlue | #INDvNAM","#TeamIndia, #T20WorldCup, #MenInBlue, #INDvNAM",,385788,0
3830990078902584945_2091666763,indiancricketteam,"Longest six challenge? 🤔

Accepted ✅

Hardik Pandya 🤝 Shivam Dube 😎

#TeamIndia | #T20WorldCup | #MenInBlue | #INDvNAM","#TeamIndia, #T20WorldCup, #MenInBlue, #INDvNAM",,633841,0
3830988615618967533_2091666763,indiancricketteam,"Innings Break!

On the back of a powerful batting show, #TeamIndia set a target of 2⃣1⃣0⃣ 🎯

Over to our bowlers 👉

#T20WorldCup | #MenInBlue | #INDvNAM","#TeamIndia, #T20WorldCup, #MenInBlue, #INDvNAM",,109114,0
3830987788385415913_376525195,icc,"Hardik Pandya at his explosive best 💪

#T20WorldCup broadcast details in our bio 📺",#T20WorldCup,,411041,0
3830981743688064935_2091666763,indiancricketteam,"Finishing touches, delivered 👊

Hardik Pandya with a fiery knock of 5️⃣2️⃣(28) 🔥

#TeamIndia | #T20WorldCup | #MenInBlue | #INDvNAM","#TeamIndia, #T20WorldCup, #MenInBlue, #INDvNAM",,234166,0
3830976624204502784_2091666763,indiancricketteam,"5⃣0⃣ partnership 🆙 off just 23 deliveries 🎇

Pure power on display from Hardik Pandya and Shivam Dube 👊

#TeamIndia | #T20WorldCup | #MenInBlue | #INDvNAM","#TeamIndia, #T20WorldCup, #MenInBlue, #INDvNAM",,99692,0
3830974300485249215_376525195,icc,"Shivam Dube dispatches a monstrous one to the stands in Delhi 🚀

#T20WorldCup broadcast details in bio 📺",#T20WorldCup,,444155,0
3830971018173280032_2091666763,indiancricketteam,"1️⃣5️⃣0️⃣ up for #TeamIndia 💙

Hardik Pandya and Shivam Dube at the crease for the final phase 💪

#T20WorldCup | #MenInBlue | #INDvNAM","#TeamIndia, #T20WorldCup, #MenInBlue, #INDvNAM",,153138,0
3830957420675921627_2091666763,indiancricketteam,"A blistering knock! 🔥

Ishan Kishan got to his half-century in style en route to 6️⃣1️⃣(24) 💪

#TeamIndia | #T20WorldCup | #MenInBlue | #INDvNAM","#TeamIndia, #T20WorldCup, #MenInBlue, #INDvNAM",,176585,0
3830952180296372279_376525195,icc,"Ishan Kishan went berserk with four biggies on the trot on his way to a rapid half-century 🔥

#T20WorldCup broadcast details in our bio 📺",#T20WorldCup,,229448,0
3830952304933606107_2091666763,indiancricketteam,"5⃣0⃣ up in a rollicking way 🔥

Ishan Kishan displaying power in the powerplay 💪

#TeamIndia 86/1 

#T20WorldCup | #MenInBlue | #INDvNAM","#TeamIndia, #T20WorldCup, #MenInBlue, #INDvNAM",,310007,0
3830925023276211869_2091666763,indiancricketteam,"Here is a look at #TeamIndia's Playing XI for our 2⃣nd match 🙌

𝐔𝐩𝐝𝐚𝐭𝐞: Abhishek Sharma is still recovering from his illness and was unavailable for selection. The BCCI medical team is closely monitoring his progress. 

#T20WorldCup | #MenInBlue | #INDvNAM","#TeamIndia, #T20WorldCup, #MenInBlue, #INDvNAM",,445073,0
3830923938838891316_2091666763,indiancricketteam,"🚨 Toss 🚨

#TeamIndia have been put into bat.

#T20WorldCup | #MenInBlue | #INDvNAM","#TeamIndia, #T20WorldCup, #MenInBlue, #INDvNAM",,146723,0
3830904052879721371_2091666763,indiancricketteam,"All set for Match No. 2⃣ 💪

All the best #TeamIndia 🇮🇳

💻 BCCI.tv
📱 Official BCCI App

#T20WorldCup | #MenInBlue | #INDvNAM","#TeamIndia, #T20WorldCup, #MenInBlue, #INDvNAM",,160550,0
3830845377294331176_2091666763,indiancricketteam,"Matchday Ready 💪

#TeamIndia is all set and raring to go for the #INDvNAM clash in Delhi 💙

#MenInBlue | #T20WorldCup","#TeamIndia, #INDvNAM, #MenInBlue, #T20WorldCup",,187494,0
3830813191034654958_2091666763,indiancricketteam,"9️⃣ straight victories in ICC Men's T20 World Cups for #TeamIndia 💙

Eyes now on the perfect 1⃣0⃣ tonight 💪

#MenInBlue | #T20WorldCup | #INDvNAM","#TeamIndia, #MenInBlue, #T20WorldCup, #INDvNAM",,275847,0
3830645553513047276_2091666763,indiancricketteam,"📍 Delhi 

 (𝗛𝗼𝗺𝗲) 𝗧𝗲𝗮𝗺; 𝗳𝘁. 𝗚𝗮𝘂𝘁𝗮𝗺 𝗚𝗮𝗺𝗯𝗵𝗶𝗿

💬 A winning dressing room is a smiling dressing room! 😊

#TeamIndia | #T20WorldCup | #MenInBlue | #INDvNAM","#TeamIndia, #T20WorldCup, #MenInBlue, #INDvNAM",,279926,0
3830224933766682233_2091666763,indiancricketteam,"Game Face 🔛

Next up ⏩ #INDvNAM tomorrow 💪

#TeamIndia | #T20WorldCup | #MenInBlue","#INDvNAM, #TeamIndia, #T20WorldCup, #MenInBlue",,203611,0
3830132465579803522_2091666763,indiancricketteam,"𝘽𝙖𝙘𝙠 𝙞𝙣 𝘽𝙡𝙪𝙚 with a big smile 😊

🎥 Washington Sundar is raring to go in the #T20WorldCup 🇮🇳

#TeamIndia | #MenInBlue | #INDvNAM","#T20WorldCup, #TeamIndia, #MenInBlue, #INDvNAM",,279267,0
3830067541595861559_2091666763,indiancricketteam,"2019 ➡️ 2026 

Times have changed since Bharti Fulmali played last for #TeamIndia

ONE thing that remained the same was her belief ✨

WATCH 🎥| #AUSvIND","#TeamIndia, #AUSvIND",,228608,0
3829997557729416035_2091666763,indiancricketteam,"The preps have begun for the multi-format series 😎🔝

Strength and Conditioning Coach Nicholas Lee takes us through #TeamIndia's Day 1 of Training in Sydney! ☀️

#AUSvIND","#TeamIndia, #AUSvIND",,104672,0
3829938749955021994_2091666763,indiancricketteam,"📍 New Delhi 

Fresh threads, same hunger 🧵

#TeamIndia putting in the work ahead of their next challenge 💪 

#T20WorldCup | #MenInBlue | #INDvNAM","#TeamIndia, #T20WorldCup, #MenInBlue, #INDvNAM",,651138,0
3829304643961386554_2091666763,indiancricketteam,"Raising the bar 🔝

#TeamIndia Captain Surya Kumar Yadav went past Virat Kohli's tally of 16 Player of the Match awards in T20Is with his match-winning knock vs USA 👏

#T20WorldCup | #MenInBlue","#TeamIndia, #T20WorldCup, #MenInBlue",,233805,0
3828798973805726585_2091666763,indiancricketteam,"🚨 News 🚨

BCCI announces Annual Player Retainership for Team India Senior Men and Senior Women for the 2025-26 season

#TeamIndia

Head to story for details 🔗",#TeamIndia,,726869,0
3828701918190105065_2091666763,indiancricketteam,"Mumbai ✅ (for now) 😉
Hello New Delhi 👋

𝐓𝐫𝐚𝐯𝐞𝐥-𝐝𝐚𝐲 𝐏𝐎𝐕, 𝐟𝐭. #𝐓𝐞𝐚𝐦𝐈𝐧𝐝𝐢𝐚 

#T20WorldCup | #MenInBlue","#𝐓𝐞𝐚𝐦𝐈𝐧𝐝𝐢𝐚, #T20WorldCup, #MenInBlue",,552987,0
3828624569887969558_2091666763,indiancricketteam,"𝙏𝙤𝙪𝙘𝙝 (𝘿𝙤𝙬𝙣) 𝙐𝙣𝙙𝙚𝙧 ✈️

All smiles and good vibes as #TeamIndia arrive for an all-format series against Australia 😁✌️

#AUSvIND","#TeamIndia, #AUSvIND",,443539,0
3828544022366077565_2091666763,indiancricketteam,"Making his debut at an ICC event after 4⃣0⃣ years in the sport 🫡

Umpire Anantha Padmanabhan opens up about his incredible four-decade journey, the transition to umpiring, and why 𝙖𝙘𝙘𝙚𝙥𝙩𝙖𝙣𝙘𝙚 is the key to success!

#T20WorldCup",#T20WorldCup,,181316,0
3828223954247228314_376525195,icc,India's title success at the #U19WorldCup is still soaking in for skipper Ayush Mhatre 🏆 @wildislife_zen,#U19WorldCup,@wildislife_zen,452661,0
3828081129564210029_2091666763,indiancricketteam,"A winning start on the world stage ✅

🎬 Key moments from #TeamIndia's opening game at the #T20WorldCup 🙌

Which moment stood out for you the most? 🤔

#MenInBlue | #INDvUSA","#TeamIndia, #T20WorldCup, #MenInBlue, #INDvUSA",,82887,0
3828002375316241081_2091666763,indiancricketteam,"Making every opportunity count with character and grit 💪

🎥 And the 𝐈𝐦𝐩𝐚𝐜𝐭 𝐏𝐥𝐚𝐲𝐞𝐫 𝐨𝐟 𝐭𝐡𝐞 𝐌𝐚𝐭𝐜𝐡 goes to 🥁......

#TeamIndia | #MenInBlue | #T20WorldCup | #INDvUSA","#TeamIndia, #MenInBlue, #T20WorldCup, #INDvUSA",,836586,0
3827921014836404297_2091666763,indiancricketteam,"In 2023, it was the Fielding Medal 🥇
In 2026, we’re turning up the volume 🗣️

Say hello to 𝗧𝗵𝗲 𝗦𝗽𝗲𝗲𝗰𝗵
Every match, one player 👤
One mic 🎙️ 
No filters, no scripts.

Just RAW dressing room vibes 👌🏻

Episode 1 ft. Rinku Singh 🔥

#TeamIndia | #T20WorldCup | #MenInBlue | #INDvUSA | @rinkukumar12","#TeamIndia, #T20WorldCup, #MenInBlue, #INDvUSA",@rinkukumar12,638856,0
3827845013712345886_2091666763,indiancricketteam,"𝗥𝗶𝘀𝗶𝗻𝗴 𝘁𝗼 𝘁𝗵𝗲 𝗼𝗰𝗰𝗮𝘀𝗶𝗼𝗻, the Surya Kumar Yadav way 🫡

🎥 Hear from our captain himself after his Wankhede masterclass 🙌🇮🇳

#TeamIndia | #MenInBlue | #T20WorldCup | #INDvUSA | @surya_14kumar","#TeamIndia, #MenInBlue, #T20WorldCup, #INDvUSA",@surya_14kumar,789211,0
3827824218402755391_2091666763,indiancricketteam,"The smile of a World Cup-winning captain 😊🏆

Celebrations continue for Ayush Mhatre 👌

#U19WorldCup",#U19WorldCup,,1148791,0
3827773740583911619_376525195,icc,"An uncharted view of the #T20WorldCup from Rohit Sharma as he watches from the sidelines for the first time 🥹

Find out how you can watch via the link in our bio 📲",#T20WorldCup,,2637452,0
3827747288501184594_2091666763,indiancricketteam,"When the captain calls, you answer 👌

🎥 From comeback to World Cup impact, ft. Mohd. Siraj 😎 

#TeamIndia | #MenInBlue | #T20WorldCup | #INDvUSA | @mohammedsirajofficial","#TeamIndia, #MenInBlue, #T20WorldCup, #INDvUSA",@mohammedsirajofficial,2432843,0
3827433518691881452_2091666763,indiancricketteam,"Painting the ground with his masterful shot-making 🎨👏

One word for Captain Surya Kumar Yadav's match-winning knock? 👇

#TeamIndia | #MenInBlue | #T20WorldCup | #INDvUSA","#TeamIndia, #MenInBlue, #T20WorldCup, #INDvUSA",,143212,0
3827430289933428701_2091666763,indiancricketteam,"A captain’s knock to start the campaign 🫡

For his match-winning 84* (49), Surya Kumar Yadav is the Player of the Match as #TeamIndia begin the #T20WorldCup with a win! 👏

#MenInBlue | #INDvUSA","#TeamIndia, #T20WorldCup, #MenInBlue, #INDvUSA",,277935,0
3827428604007789663_2091666763,indiancricketteam,"A comprehensive victory ✌️

#TeamIndia are off the mark in the #T20WorldCup in fine fashion 👌👌

They win the #INDvUSA contest by 2⃣9⃣ runs 🙌

#MenInBlue","#TeamIndia, #T20WorldCup, #INDvUSA, #MenInBlue",,390163,0
3827426905717605199_376525195,icc,"Mohammed Siraj wraps it up in Mumbai as India begin their quest to defend the #T20WorldCup title with a win 👊

Tournament broadcast details in our bio 📺",#T20WorldCup,,657751,0
3827419769864015347_2091666763,indiancricketteam,"#TeamIndia continue to chip away at the wickets 🥳

Arshdeep Singh with his 2⃣nd wicket 😎

Tilak Varma with the catch 👏

#MenInBlue | #T20WorldCup | #INDvUSA","#TeamIndia, #MenInBlue, #T20WorldCup, #INDvUSA",,159400,0
3827414274562431057_2091666763,indiancricketteam,"2️⃣ in 2️⃣ for Axar Patel ✌️

#TeamIndia in control as we head into the final phase!

#MenInBlue | #T20WorldCup | #INDvUSA","#TeamIndia, #MenInBlue, #T20WorldCup, #INDvUSA",,196777,0
3827404635674336850_2091666763,indiancricketteam,"There's another breakthrough ☝️

🔝 work by Ishan Kishan behind the stumps as Varun Chakaravarthy strikes 🕸️

Wicket No. 4⃣ 👏

#TeamIndia | #MenInBlue | #T20WorldCup | #INDvUSA","#TeamIndia, #MenInBlue, #T20WorldCup, #INDvUSA",,174729,0
3827391828803213350_376525195,icc,"Arshdeep Singh gave India an early breakthrough to dismiss USA skipper Monank Patel 👊

#T20WorldCup broadcast details in our bio 📺",#T20WorldCup,,209692,0
3827388979922920451_376525195,icc,"Rohit Sharma. Wankhede. #T20WorldCup Trophy in hand. Fans roaring. Iconic ❤️

Don’t miss any action from the tournament. Broadcast details in bio 🔗",#T20WorldCup,,2208039,0
3827389515141316940_2091666763,indiancricketteam,"A successful powerplay 🙌

#TeamIndia pick 3⃣ wickets 👏

#MenInBlue | #T20WorldCup | #INDvUSA","#TeamIndia, #MenInBlue, #T20WorldCup, #INDvUSA",,272112,0
3827381664376993793_2091666763,indiancricketteam,"Up and running with the ball 👊

Mohd. Siraj and Arshdeep Singh strike early to give #TeamIndia a perfect start!

#MenInBlue | #T20WorldCup | #INDvUSA","#TeamIndia, #MenInBlue, #T20WorldCup, #INDvUSA",,196887,0
